Year,Persons,Males,Females,ratio
2005,540,50,490,0.10204 
2006,580,50,530,0.09434 
2007,600,90,510,0.17647 
2008,670,100,570,0.17544 
2009,730,100,630,0.15873 
2010,740,90,650,0.13846 
2011,780,100,680,0.14706 
2012,800,110,690,0.15942 
2013,830,110,720,0.15278 
2014,910,110,800,0.13750 
2015,900,120,780,0.15385 
